Name,Phone
Harrison,(461)297-1419
Barry,(580)776-2009
Neville,(193)554-0593
Burton,(150)875-9664
Jeremy,(722)343-3303
Duncan,(488)893-7248
Rooney,(665)152-7074
Duncan,(177)401-3347
Damian,(361)644-0226
Travis,(874)145-8888
Lee,(626)860-2435
Arthur,(515)918-1870
Joel,(209)888-6753
Abel,(216)240-5009
Burton,(683)401-1163
Chandler,(710)688-0182
Ethan,(547)597-6992
Ray,(368)570-1118
Darius,(330)242-0665
Beck,(400)269-1874
Joel,(683)604-8871
Christopher,(826)133-6840
Tanner,(525)444-1897
Nicholas,(347)725-4471
Nicholas,(420)798-1076
Demetrius,(306)715-6929
Geoffrey,(966)501-2286
Jared,(844)754-5278
Craig,(454)923-1171
Ronan,(468)591-3662
Arsenio,(196)548-2216
Salvador,(550)972-6900
Lance,(965)101-7227
Chandler,(926)859-9184
Raja,(835)295-1011
Neville,(717)899-1610
Wylie,(885)777-5254
Kasimir,(155)676-6833
Arthur,(129)936-1469
Deacon,(260)822-3684
